Year,Traceability_Coverage,Disease_Warning_Improvement,Consumer_Trust_Index,AI_Dispatch_Adoption,Avg_Delivery_Time_Reduction,Unmanned_Delivery_Cities,Delivery_Market_Size_CNY,Pest_Detection_Accuracy,Water_Saving_Rate,Automated_Harvesting_Rate,Smart_Agri_Market_Size_CNY,Smart_Fridge_Penetration,Cooking_Robot_Sales_Growth,Smart_Kitchen_Market_Size_CNY
2019,6.2,7.5,102.4,30.0,16.1,1,0.72,64.7,5.0,0.6,0.26,4.0,48.3,0.13
2020,14.1,5.0,102.7,46.68125604166627,23.9,1,0.9,68.2,8.8,0.7,0.45,9.5,42.2,0.16
2021,22.7,18.5,108.5,58.674026943607075,26.4,3,1.1,74.6,14.4,0.9,0.39,7.0,38.1,0.2
2022,32.5,21.3,113.6,68.5781481314853,29.2,6,1.31,81.3,24.4,1.5,0.44,12.2,27.9,0.23
2023,39.8,40.4,116.8,75.72455166727356,29.8,10,1.46,87.5,26.1,1.9,0.65,19.7,32.2,0.29
2024,57.6,40.8,126.1,85.77704716476839,36.4,18,1.74,93.1,37.1,2.7,0.72,25.8,13.0,0.33
2025,76.8,64.8,140.0,93.9348534918559,38.0,33,1.89,96.2,36.9,3.9,0.85,35.9,18.6,0.42
